name,lei,title,cusip,isin,balance,units,curCd,exchangeRt,valUSD,pctVal,payoffProfile,assetCat,issuerCat,invCountry,isRestrictedSec,fairValLevel,isCashCollateral,isNonCashCollateral,isLoanByFund
Sao Martinho SA,549300R3Z74BNJBF4161,Sao Martinho SA,000000000,,521178.00000000,NS,BRL,5.60420000,2903389.81000000,0.832892087474,Long,EC,CORP,BR,N,2,N,N,N
EDP - Energias de Portugal SA,529900CLC3WDMGI9VH80,EDP - Energias de Portugal SA,000000000,,745653.00000000,NS,EUR,0.82880900,4273863.30000000,1.226038237530,Long,EC,CORP,PT,N,2,N,N,N
China High Speed Transmission Equipment Group Co Ltd,5299001URD35ZVRLZI41,China High Speed Transmission Equipment Group Co Ltd,000000000,,3638919.00000000,NS,HKD,7.75645000,3536413.09000000,1.014486745995,Long,EC,CORP,KY,N,2,N,N,N
Construcciones y Auxiliar de Ferrocarriles SA,95980020140005275134,Construcciones y Auxiliar de Ferrocarriles SA,000000000,,3282.00000000,NS,EUR,0.82880900,145454.15000000,0.041726264316,Long,EC,CORP,ES,N,2,N,N,N
FutureFuel Corp,529900WYQZSMWFXLA845,FutureFuel Corp,36116M106,,72000.00000000,NS,,,1056960.00000000,0.303208896630,Long,EC,CORP,US,N,1,N,N,N
Grupo Mexico SAB de CV,529900JWLZAYET2ZGW20,Grupo Mexico SAB de CV,000000000,,1866152.00000000,NS,MXN,20.92100000,8846850.31000000,2.537885748889,Long,EC,CORP,MX,N,1,N,N,N
Dae Dong Industrial Co Ltd,988400SRP5AG3NNJU197,Dae Dong Industrial Co Ltd,000000000,,43127.00000000,NS,KRW,1123.50000000,304071.52000000,0.087228646378,Long,EC,CORP,KR,N,2,N,N,N
Kemira OYJ,74370031Y7RK5H88CQ48,Kemira OYJ,000000000,,129133.00000000,NS,EUR,0.82880900,2088677.26000000,0.599176437538,Long,EC,CORP,FI,N,2,N,N,N
Suez SA,549300JQIZM6CL7POC81,Suez SA,000000000,,155055.00000000,NS,EUR,0.82880900,3223002.81000000,0.924579100302,Long,EC,CORP,FR,N,2,N,N,N
EnerSys,7ZS3DE5PN30BYUJFWP05,EnerSys,29275Y102,,25700.00000000,NS,,,2320196.00000000,0.665591951564,Long,EC,CORP,US,N,1,N,N,N
Sensata Technologies Holding PLC,529900MS7KFYCY9MS037,Sensata Technologies Holding PLC,000000000,,11100.00000000,NS,,,635919.00000000,0.182425350378,Long,EC,CORP,GB,N,1,N,N,N
Chaowei Power Holdings Ltd,213800MD59RZ8CIQB648,Chaowei Power Holdings Ltd,000000000,,1609000.00000000,NS,HKD,7.75645000,683404.05000000,0.196047331926,Long,EC,CORP,KY,N,2,N,N,N
Vilmorin & Cie SA,969500TQ4OAZZXSUPZ18,Vilmorin & Cie SA,000000000,,17193.00000000,NS,EUR,0.82880900,1100241.66000000,0.315625056534,Long,EC,CORP,FR,N,2,N,N,N
Hollysys Automation Technologies Ltd,2549008FKCB1PSUOZ583,Hollysys Automation Technologies Ltd,000000000,,137700.00000000,NS,,,2073762.00000000,0.594897714098,Long,EC,CORP,VG,N,1,N,N,N
Nickel Asia Corp,N/A,Nickel Asia Corp,000000000,,4461400.00000000,NS,PHP,48.52000000,532354.72000000,0.152715984774,Long,EC,CORP,PH,N,2,N,N,N
Grupo Rotoplas SAB de CV,549300PV16C2TA1DPA40,Grupo Rotoplas SAB de CV,000000000,,307515.00000000,NS,MXN,20.92100000,414361.07000000,0.118867282433,Long,EC,CORP,MX,N,1,N,N,N
Acciona SA,54930002KP75TLLLNO21,Acciona SA,000000000,,9725.00000000,NS,EUR,0.82880900,1564877.05000000,0.448914475185,Long,EC,CORP,ES,N,2,N,N,N
Endesa SA,549300LHK07F2CHV4X31,Endesa SA,000000000,,162012.00000000,NS,EUR,0.82880900,4003367.27000000,1.148441353259,Long,EC,CORP,ES,N,2,N,N,N
Talgo SA,95980037JECHVQDJDT59,Talgo SA,000000000,,135578.00000000,NS,EUR,0.82880900,710849.10000000,0.203920461778,Long,EC,CORP,ES,Y,2,N,N,N
Clean TeQ Holdings Ltd,529900AYAT2TIC68VA49,Clean TeQ Holdings Ltd,000000000,,6401117.00000000,NS,AUD,1.29963000,1437317.05000000,0.412321485049,Long,EC,CORP,AU,N,2,N,N,N
Tsukishima Kikai Co Ltd,353800K8E7URAH6LTR26,Tsukishima Kikai Co Ltd,000000000,,42800.00000000,NS,JPY,106.59500000,498138.61000000,0.142900448746,Long,EC,CORP,JP,N,2,N,N,N
Owens Corning,JO5M6676RDJIZ2U8X907,Owens Corning,690742101,,61133.00000000,NS,,,4952995.66000000,1.420860154671,Long,EC,CORP,US,N,1,N,N,N
Renesas Electronics Corp,5299000EPC47VJQOFB81,Renesas Electronics Corp,000000000,,253700.00000000,NS,JPY,106.59500000,2790871.09000000,0.800613971990,Long,EC,CORP,JP,N,2,N,N,N
Arcadis NV,7245000UZH70GO047N03,Arcadis NV,000000000,,112195.00000000,NS,EUR,0.82880900,3826297.72000000,1.097645615594,Long,EC,CORP,NL,N,2,N,N,
Zhuzhou CRRC Times Electric Co Ltd,529900PLNH7NQLN00B53,Zhuzhou CRRC Times Electric Co Ltd,000000000,,553785.00000000,NS,HKD,7.75645000,2405371.39000000,0.690026117494,Long,EC,CORP,CN,N,2,N,N,N
Iseki & Co Ltd,N/A,Iseki & Co Ltd,000000000,,22400.00000000,NS,JPY,106.59500000,316551.58000000,0.090808786802,Long,EC,CORP,JP,N,2,N,N,N
Mosaic Co/The,2YD5STGSJNMUB7H76907,Mosaic Co/The,61945C103,,125647.00000000,NS,,,3694021.80000000,1.059699774925,Long,EC,CORP,US,N,1,N,N,N
Go-Ahead Group PLC/The,2138009TF1SYOMQLBJ60,Go-Ahead Group PLC/The,000000000,,88728.00000000,NS,GBP,0.71777200,1446659.79000000,0.415001626102,Long,EC,CORP,GB,N,2,N,N,N
Sandfire Resources Ltd,213800ZW52P23FVH1V47,Sandfire Resources Ltd,000000000,,487057.00000000,NS,AUD,1.29963000,2276495.56000000,0.653055656723,Long,EC,CORP,AU,N,2,N,N,N
ICL Group Ltd,529900FQVQD88SHIGM04,ICL Group Ltd,000000000,,146922.00000000,NS,ILS,3.31005000,845197.76000000,0.242460906982,Long,EC,CORP,IL,N,2,N,N,N
Adecoagro SA,529900Q00UR5LFELO811,Adecoagro SA,000000000,,382515.00000000,NS,,,3155748.75000000,0.905286005647,Long,EC,CORP,LU,N,1,N,N,N
AGCO Corp,LYOM0B2GCF1JWXK5ZG04,AGCO Corp,001084102,,46800.00000000,NS,,,6059664.00000000,1.738328825488,Long,EC,CORP,US,N,1,N,N,N
Gurit Holding AG,529900VOD3V5IBEW8G44,Gurit Holding AG,000000000,,1035.00000000,NS,CHF,0.90965000,2614896.75000000,0.750132415956,Long,EC,CORP,CH,N,2,N,N,N
Exelon Corp,3SOUA6IRML7435B56G12,Exelon Corp,30161N101,,119086.00000000,NS,,,4596719.60000000,1.318655652090,Long,EC,CORP,US,N,1,N,N,N
METAWATER Co Ltd,N/A,METAWATER Co Ltd,000000000,,16600.00000000,NS,JPY,106.59500000,315121.84000000,0.090398638936,Long,EC,CORP,JP,N,2,N,N,N
Enphase Energy Inc,5493008U7KIGMI59Z314,Enphase Energy Inc,29355A107,,8255.00000000,NS,,,1453375.30000000,0.416928096713,Long,EC,CORP,US,N,1,N,N,N
Stagecoach Group PLC,4L663LRNTBQ008OK2N07,Stagecoach Group PLC,000000000,,978991.00000000,NS,GBP,0.71777200,1269873.69000000,0.364287201411,Long,EC,CORP,GB,N,2,N,N,N
Daikin Industries Ltd,549300Y7FWSTSHMW5Y57,Daikin Industries Ltd,000000000,,1400.00000000,NS,JPY,106.59500000,272844.47000000,0.078270578546,Long,EC,CORP,JP,N,2,N,N,N
Rexnord Corp,549300AM3633XDFU1Q85,Rexnord Corp,76169B102,,20900.00000000,NS,,,939455.00000000,0.269500372751,Long,EC,CORP,US,N,1,N,N,N
Vestas Wind Systems A/S,549300DYMC8BGZZC8844,Vestas Wind Systems A/S,000000000,,6428.00000000,NS,DKK,6.16320000,1205410.39000000,0.345794688860,Long,EC,CORP,DK,N,2,N,N,N
Sungrow Power Supply Co Ltd,N/A,Sungrow Power Supply Co Ltd,000000000,,126222.00000000,NS,CNY,6.46000000,1690101.87000000,0.484837574927,Long,EC,CORP,CN,N,2,N,N,N
NFI Group Inc,549300VX6QRAVXOXZW59,NFI Group Inc,62910L102,,79400.00000000,NS,CAD,1.27260000,1834323.43000000,0.526210247571,Long,EC,CORP,CA,N,1,N,N,N
China Longyuan Power Group Corp Ltd,5299008UYLF3O6V9T464,China Longyuan Power Group Corp Ltd,000000000,,2155000.00000000,NS,HKD,7.75645000,3203615.06000000,0.919017358812,Long,EC,CORP,CN,N,2,N,N,N
Darling Ingredients Inc,L1N0SPPKS7EXZYUMZ898,Darling Ingredients Inc,237266101,,153796.00000000,NS,,,9695299.84000000,2.781279487382,Long,EC,CORP,US,N,1,N,N,N
Sunrun Inc,54930007SJ77CI66U531,Sunrun Inc,86771W105,,22700.00000000,NS,,,1420566.00000000,0.407516130648,Long,EC,CORP,US,N,1,N,N,N
Grieg Seafood ASA,5967007LIEEXZXH5VC37,Grieg Seafood ASA,000000000,,88723.00000000,NS,NOK,8.67060000,844644.32000000,0.242302142287,Long,EC,CORP,NO,N,2,N,N,
MMC Norilsk Nickel PJSC,253400JPTEEW143W3E47,MMC Norilsk Nickel PJSC,55315J102,,234466.00000000,NS,,,7388716.04000000,2.119592451938,Long,EC,CORP,RU,N,2,N,N,N
Enel SpA,WOCMU6HCI0OJWNPRZS33,Enel SpA,000000000,,674023.00000000,NS,EUR,0.82880900,6355295.32000000,1.823136241423,Long,EC,CORP,IT,N,2,N,N,N
Neste Oyj,5493009GY1X8GQ66AM14,Neste Oyj,000000000,,125785.00000000,NS,EUR,0.82880900,8308112.09000000,2.383338536829,Long,EC,CORP,FI,N,2,N,N,N
Lundin Mining Corp,549300FQDIM6C8HTN269,Lundin Mining Corp,000000000,,112100.00000000,NS,CAD,1.27260000,1283433.13000000,0.368176982332,Long,EC,CORP,CA,N,1,N,N,N
Renewable Energy Group Inc,549300HPU3BD8ZI0X358,Renewable Energy Group Inc,75972A301,,87967.00000000,NS,,,6841193.59000000,1.962525317946,Long,EC,CORP,US,N,1,N,N,N
Ebara Corp,353800UV8U3SOMCDTI49,Ebara Corp,000000000,,88300.00000000,NS,JPY,106.59500000,3327254.71000000,0.954485722663,Long,EC,CORP,JP,N,2,N,N,N
Johnson Controls International plc,549300XQ6S1GYKGBL205,Johnson Controls International plc,000000000,,13400.00000000,NS,,,747586.00000000,0.214459133927,Long,EC,CORP,IE,N,1,N,N,N
Albioma SA,9695002W8GRJRZ44MA62,Albioma SA,000000000,,8770.00000000,NS,EUR,0.82880900,428492.14000000,0.122921046192,Long,EC,CORP,FR,N,2,N,N,N
Polypipe Group plc,2138005IF1N2RKJ6KO18,Polypipe Group plc,000000000,,47533.00000000,NS,GBP,0.71777200,365803.35000000,0.104937585279,Long,EC,CORP,GB,N,2,N,N,N
Montauk Renewables Inc,N/A,Montauk Renewables Inc,61218C103,,153000.00000000,NS,,,1958400.00000000,0.561803950159,Long,EC,CORP,US,N,1,N,N,N
Power Grid Corp of India Ltd,3358009SHWZ3DZEQ4Z56,Power Grid Corp of India Ltd,000000000,,279286.00000000,NS,INR,73.48500000,813491.49000000,0.233365365861,Long,EC,CORP,IN,N,2,N,N,N
SLC Agricola SA,54930017BQDYJPIJXG79,SLC Agricola SA,000000000,,196300.00000000,NS,BRL,5.60420000,1435418.79000000,0.411776933391,Long,EC,CORP,BR,N,2,N,N,N
Canadian Solar Inc,5493001XSC6TKMBVOM15,Canadian Solar Inc,136635109,,104505.00000000,NS,,,4904419.65000000,1.406925210686,Long,EC,CORP,CA,N,1,N,N,
Nickel Mines Ltd,N/A,Nickel Mines Ltd,000000000,,1451781.00000000,NS,AUD,1.29963000,1556274.20000000,0.446446585524,Long,EC,CORP,AU,N,2,N,N,N
Zhengzhou Yutong Bus Co Ltd,300300OMPRVW0Q75F037,Zhengzhou Yutong Bus Co Ltd,000000000,,863176.00000000,NS,CNY,6.46000000,2028536.82000000,0.581924018851,Long,EC,CORP,CN,N,2,N,N,N
MYR Group Inc,529900G1IMMZHOQ17I54,MYR Group Inc,55405W104,,57600.00000000,NS,,,3395520.00000000,0.974068907702,Long,EC,CORP,US,N,1,N,N,N
Central Japan Railway Co,353800YAR3OVUITHTG64,Central Japan Railway Co,000000000,,39400.00000000,NS,JPY,106.59500000,6492106.24000000,1.862383032314,Long,EC,CORP,JP,N,2,N,N,N
Sinofert Holdings Ltd,5299003MF6ZDA7K38F96,Sinofert Holdings Ltd,000000000,,10086000.00000000,NS,HKD,7.75645000,1466135.32000000,0.420588548939,Long,EC,CORP,BM,N,2,N,N,N
Takuma Co Ltd,N/A,Takuma Co Ltd,000000000,,69300.00000000,NS,JPY,106.59500000,1363231.47000000,0.391068640128,Long,EC,CORP,JP,N,2,N,N,N
Kurita Water Industries Ltd,52990086GS2ON69UMX34,Kurita Water Industries Ltd,000000000,,67200.00000000,NS,JPY,106.59500000,2730029.20000000,0.783160329151,Long,EC,CORP,JP,N,2,N,N,N
East Japan Railway Co,353800SENYJ2DSM6PS44,East Japan Railway Co,000000000,,58800.00000000,NS,JPY,106.59500000,4382486.25000000,1.257198777965,Long,EC,CORP,JP,N,2,N,N,N
Ros Agro PLC,21380042L8XBX2MYNI64,Ros Agro PLC,749655205,,116061.00000000,NS,,,1409056.68000000,0.404214465289,Long,EC,CORP,CY,Y,2,N,N,N
Atlantica Sustainable Infrastructure PLC,549300ITBBGKJ651R879,Atlantica Sustainable Infrastructure PLC,000000000,,49400.00000000,NS,,,1785810.00000000,0.512293255838,Long,EC,CORP,GB,N,1,N,N,
GS Yuasa Corp,353800MW7O6PQQHLDR79,GS Yuasa Corp,000000000,,82400.00000000,NS,JPY,106.59500000,2451522.51000000,0.703265436081,Long,EC,CORP,JP,N,2,N,N,
Sanken Electric Co Ltd,529900516DFVRCC25K90,Sanken Electric Co Ltd,000000000,,10300.00000000,NS,JPY,106.59500000,526221.71000000,0.150956615266,Long,EC,CORP,JP,N,2,N,N,
Landis+Gyr Group AG,529900PZYVAKCYSLFL19,Landis+Gyr Group AG,000000000,,7226.00000000,NS,CHF,0.90965000,501177.71000000,0.143772271859,Long,EC,CORP,CH,N,2,N,N,N
PhosAgro PJSC,25340053KRUNNYUWF472,PhosAgro PJSC,71922G209,,309890.00000000,NS,,,5432600.40000000,1.558443813498,Long,EC,CORP,RU,Y,2,N,N,N
SolarEdge Technologies Inc,5493000K6Y58XXPDF853,SolarEdge Technologies Inc,83417M104,,30909.00000000,NS,,,9220463.79000000,2.645063817157,Long,EC,CORP,US,N,1,N,N,N
Veolia Environnement SA,969500LENY69X51OOT31,Veolia Environnement SA,000000000,,151182.00000000,NS,EUR,0.82880900,4054151.57000000,1.163009786851,Long,EC,CORP,FR,N,2,N,N,N
Austevoll Seafood ASA,5967007LIEEXZXFFDC03,Austevoll Seafood ASA,000000000,,545683.00000000,NS,NOK,8.67060000,6252049.47000000,1.793518223466,Long,EC,CORP,NO,N,2,N,N,N
Electricite de France SA,549300X3UK4GG3FNMO06,Electricite de France SA,000000000,,315924.00000000,NS,EUR,0.82880900,3769398.96000000,1.081323133912,Long,EC,CORP,FR,N,2,N,N,N
BorgWarner Inc,549300DSFX2IE88NSX47,BorgWarner Inc,099724106,,196059.00000000,NS,,,8822655.00000000,2.530944868204,Long,EC,CORP,US,N,1,N,N,N
Wasion Holdings Ltd,N/A,Wasion Holdings Ltd,000000000,,2432000.00000000,NS,HKD,7.75645000,798829.28000000,0.229159234582,Long,EC,CORP,KY,N,2,N,N,N
Nexans SA,96950015FU78G84UIV14,Nexans SA,000000000,,38000.00000000,NS,EUR,0.82880900,2953204.65000000,0.847182413193,Long,EC,CORP,FR,N,2,N,N,N
Canvest Environmental Protection Group Co Ltd,549300Q690U1BR82UX43,Canvest Environmental Protection Group Co Ltd,000000000,,833000.00000000,NS,HKD,7.75645000,344034.17000000,0.098692685710,Long,EC,CORP,KY,Y,2,N,N,N
Freeport-McMoRan Inc,549300IRDTHJQ1PVET45,Freeport-McMoRan Inc,35671D857,,218932.00000000,NS,,,7423984.12000000,2.129709765387,Long,EC,CORP,US,N,1,N,N,N
Delta Electronics Inc,529900UVZWNWGDLJSM52,Delta Electronics Inc,000000000,,157000.00000000,NS,TWD,27.85250000,1580239.41000000,0.453321457687,Long,EC,CORP,TW,N,2,N,N,N
Deere & Co,PWFTNG3EI0Y73OXWDH08,Deere & Co,244199105,,5500.00000000,NS,,,1920160.00000000,0.550834085446,Long,EC,CORP,US,N,1,N,N,N
E.ON SE,Q9MAIUP40P25UFBFG033,E.ON SE,000000000,,326099.00000000,NS,EUR,0.82880900,3325056.67000000,0.953855173462,Long,EC,CORP,DE,N,2,N,N,N
First Solar Inc,549300NPYMLM4NHTOF27,First Solar Inc,336433107,,18084.00000000,NS,,,1465165.68000000,0.420310389430,Long,EC,CORP,US,N,1,N,N,N
Tianneng Power International Ltd,N/A,Tianneng Power International Ltd,000000000,,1396000.00000000,NS,HKD,7.75645000,2697194.13000000,0.773740970475,Long,EC,CORP,KY,N,2,N,N,
Prysmian SpA,529900X0H1IO3RS1A464,Prysmian SpA,000000000,,129818.00000000,NS,EUR,0.82880900,4169897.47000000,1.196213679740,Long,EC,CORP,IT,N,2,N,N,N
Ivanhoe Mines Ltd,5299006XZISURYIA4G32,Ivanhoe Mines Ltd,000000000,,1364615.00000000,NS,CAD,1.27260000,8417592.13000000,2.414744949684,Long,EC,CORP,CA,N,1,N,N,N
GrafTech International Ltd,549300GY32W00XP57351,GrafTech International Ltd,384313508,,1541856.00000000,NS,,,18240156.48000000,5.232532660327,Long,EC,CORP,US,N,1,N,N,N
Red Electrica Corp SA,5493009HMD0C90GUV498,Red Electrica Corp SA,000000000,,187842.00000000,NS,EUR,0.82880900,3138145.98000000,0.900236319311,Long,EC,CORP,ES,N,2,N,N,
TE Connectivity Ltd,894500ZRIX9K13RHXR17,TE Connectivity Ltd,000000000,,19829.00000000,NS,,,2578364.87000000,0.739652557658,Long,EC,CORP,CH,N,1,N,N,N
Rockwool International A/S,213800QRC7LNX935OZ09,Rockwool International A/S,000000000,,5065.00000000,NS,DKK,6.16320000,1831194.31000000,0.525312600524,Long,EC,CORP,DK,N,2,N,N,N
State Street Global Advisors,549300Q3FHSMZ70NLT76,State Street Institutional Treasury Money Market Fund,857492870,,506601.08000000,NS,,,506601.08000000,0.145328067758,Long,STIV,RF,US,N,1,N,N,N
Emerson Electric Co,FGLT0EWZSUIRRITFOA30,Emerson Electric Co,291011104,,15900.00000000,NS,,,1365810.00000000,0.391808340056,Long,EC,CORP,US,N,1,N,N,N
Sierra Metals Inc,9676001YCHZE7AT8VA50,Sierra Metals Inc,82639W106,,212700.00000000,NS,,,563655.00000000,0.161695060011,Long,EC,CORP,CA,N,1,N,N,
Western Areas Ltd,213800QVJGB47FY5Z403,Western Areas Ltd,000000000,,542889.00000000,NS,AUD,1.29963000,1075146.04000000,0.308425904958,Long,EC,CORP,AU,N,2,N,N,
Sociedad Quimica y Minera de Chile SA,TJ88LXZZW5PWIN93ZC81,Sociedad Quimica y Minera de Chile SA,833635105,,117911.00000000,NS,,,6320029.60000000,1.813019604985,Long,EC,CORP,CL,N,1,N,N,N
Fomento de Construcciones y Contratas SA,95980020140005178328,Fomento de Construcciones y Contratas SA,000000000,,47238.00000000,NS,EUR,0.82880900,557603.26000000,0.159959004334,Long,EC,CORP,ES,N,2,N,N,N
Xinjiang Goldwind Science & Technology Co Ltd,3003008X6GR2ZPYM2V54,Xinjiang Goldwind Science & Technology Co Ltd,000000000,,1061200.00000000,NS,HKD,7.75645000,2269292.15000000,0.650989222801,Long,EC,CORP,CN,N,2,N,N,
K+S AG,529900YURAYD4IJX2J91,K+S AG,000000000,,268151.00000000,NS,EUR,0.82880900,3000130.30000000,0.860643920308,Long,EC,CORP,DE,N,2,N,N,N
Siemens AG,W38RGI023J3WT1HWRP32,Siemens AG,000000000,,42427.00000000,NS,EUR,0.82880900,6566058.32000000,1.883597580244,Long,EC,CORP,DE,N,2,N,N,N
ON Semiconductor Corp,ZV20P4CNJVT8V1ZGJ064,ON Semiconductor Corp,682189105,,76979.00000000,NS,,,3099944.33000000,0.889277456018,Long,EC,CORP,US,N,1,N,N,N
Panasonic Corp,254900GE1G59KGWPHX32,Panasonic Corp,000000000,,305300.00000000,NS,JPY,106.59500000,3946960.59000000,1.132260033999,Long,EC,CORP,JP,N,2,N,N,N
Greenlane Renewables Inc,254900OR2UJ5Z8YZB396,Greenlane Renewables Inc,395332109,,431600.00000000,NS,CAD,1.27260000,773257.90000000,0.221823602283,Long,EC,CORP,CA,N,1,N,N,
SPCG PCL,N/A,SPCG PCL,000000000,,1220500.00000000,NS,THB,30.13500000,795304.37000000,0.228148047714,Long,EC,CORP,TH,N,2,N,N,N
Ameresco Inc,529900NZXZGBCBXYY327,Ameresco Inc,02361E108,,13100.00000000,NS,,,748272.00000000,0.214655925956,Long,EC,CORP,US,N,1,N,N,N
Knorr-Bremse AG,5299001GRRO0Z25YZT52,Knorr-Bremse AG,000000000,,209.00000000,NS,EUR,0.82880900,26616.64000000,0.007635484830,Long,EC,CORP,DE,N,2,N,N,N
Kernel Holding SA,5493003GR6L4DZOS2U12,Kernel Holding SA,000000000,,143832.00000000,NS,PLN,3.74750000,2096771.15000000,0.601498322431,Long,EC,CORP,LU,N,2,N,N,N
China Water Affairs Group Ltd,529900XTSVH0DH4CEX74,China Water Affairs Group Ltd,000000000,,1784000.00000000,NS,HKD,7.75645000,1406035.20000000,0.403347696804,Long,EC,CORP,BM,N,2,N,N,N
Jain Irrigation Systems Ltd,3358004C17EYJMMSOO84,Jain Irrigation Systems Ltd,000000000,,891358.00000000,NS,INR,73.48500000,229467.47000000,0.065827068565,Long,EC,CORP,IN,N,2,N,N,N
Tassal Group Ltd,N/A,Tassal Group Ltd,000000000,,583294.00000000,NS,AUD,1.29963000,1520985.68000000,0.436323408476,Long,EC,CORP,AU,N,2,N,N,
Drax Group PLC,549300YPSNTXR4ZHSR98,Drax Group PLC,000000000,,643346.00000000,NS,GBP,0.71777200,3422964.59000000,0.981941905594,Long,EC,CORP,GB,N,2,N,N,N
Yokogawa Electric Corp,529900MV0U7C9WWF4L22,Yokogawa Electric Corp,000000000,,93200.00000000,NS,JPY,106.59500000,1782469.59000000,0.511334996272,Long,EC,CORP,JP,N,2,N,N,N
Turquoise Hill Resources Ltd,549300R80B2163QFEC16,Turquoise Hill Resources Ltd,900435207,,42100.00000000,NS,,,638236.00000000,0.183090025497,Long,EC,CORP,CA,N,1,N,N,N
Livent Corp,254900OOLQ2VNMZTJL47,Livent Corp,53814L108,,70800.00000000,NS,,,1318296.00000000,0.378178053655,Long,EC,CORP,US,N,1,N,N,
Osaki Electric Co Ltd,N/A,Osaki Electric Co Ltd,000000000,,70000.00000000,NS,JPY,106.59500000,385152.53000000,0.110488262238,Long,EC,CORP,JP,N,2,N,N,N
GMO USTF SEC LENDING,0NIBQB0NDRTFX04R2J69,GMO US Treasury Fund,362013369,,702392.92600000,NS,,,3540060.35000000,1.015533031266,Long,STIV,RF,US,N,1,,N,N
Valmont Industries Inc,5493009ZGZJJ8F77JN08,Valmont Industries Inc,920253101,,10200.00000000,NS,,,2412606.00000000,0.692101501724,Long,EC,CORP,US,N,1,N,N,N
Renewi PLC,213800CNEIDZBL17KU22,Renewi PLC,000000000,,3069135.00000000,NS,GBP,0.71777200,1863300.16000000,0.534522768699,Long,EC,CORP,GB,N,2,N,N,N
Schneider Electric SE,969500A1YF1XUYYXS284,Schneider Electric SE,000000000,,15017.00000000,NS,EUR,0.82880900,2220628.93000000,0.637029260984,Long,EC,CORP,FR,N,2,N,N,N
Westinghouse Air Brake Technologies Corp,06BTX5UWZD0GQ5N5Y745,Westinghouse Air Brake Technologies Corp,929740108,,8400.00000000,NS,,,608412.00000000,0.174534449001,Long,EC,CORP,US,N,1,N,N,N
Largo Resources Ltd,549300DNLDBZOCZKIM08,Largo Resources Ltd,000000000,,3021500.00000000,NS,CAD,1.27260000,4202463.46000000,1.205555847746,Long,EC,CORP,CA,N,1,N,N,N
GMO US Treasury Fund,0NIBQB0NDRTFX04R2J69,GMO US Treasury Fund,362013369,,3999258.66500000,NS,,,20156263.67000000,5.782204120841,Long,STIV,RF,US,N,1,N,N,N
Clean Energy Fuels Corp,549300MTQB4VUAOPMF71,Clean Energy Fuels Corp,184499101,,65900.00000000,NS,,,859336.00000000,0.246516727590,Long,EC,CORP,US,N,1,N,N,N
Eaton Corp PLC,549300VDIGTMXUNT7H71,Eaton Corp PLC,000000000,,17800.00000000,NS,,,2317382.00000000,0.664784702628,Long,EC,CORP,IE,N,1,N,N,N
Fauji Fertilizer Co Ltd,N/A,Fauji Fertilizer Co Ltd,000000000,,1135326.00000000,NS,PKR,158.10000000,795098.29000000,0.228088929782,Long,EC,CORP,PK,N,2,N,N,N
LG Chem Ltd,988400IES4EIG7O06940,LG Chem Ltd,000000000,,2142.00000000,NS,KRW,1123.50000000,1581361.06000000,0.453643224129,Long,EC,CORP,KR,N,2,N,N,N
Valeo SA,5493006IH2N2WMIBB742,Valeo SA,000000000,,36439.00000000,NS,EUR,0.82880900,1287827.86000000,0.369437693460,Long,EC,CORP,FR,N,2,N,N,N
